Model,Train accuracy,Test accuracy
Random Forest,1.0,0.934131736526946
SVC,1.0,0.9670658682634732
MNBC,0.9465891062929667,0.9461077844311377
