Model,Train accuracy,Test accuracy
Random Forest,1.0,0.934131736526946
SVC,0.9624537281861449,0.9491017964071856
